{"liturgies":[{"date":"05\/04\/25","filename":"050425.json","title":"4ª Semana da Quaresma"},{"filename":"040425.json","title":"4ª Semana da Quaresma","date":"04\/04\/25"},{"title":"2ª Semana da Páscoa","date":"30\/04\/25","filename":"300425.json"},{"date":"12\/04\/25","filename":"120425.json","title":"5ª Semana da Quaresma"},{"filename":"130425.json","date":"13\/04\/25","title":"Domingo de Ramos da Paixão do Senhor"},{"date":"18\/04\/25","title":"Paixão do Senhor","filename":"180425.json"},{"title":"Sábado Santo","date":"19\/04\/25","filename":"190425.json"},{"date":"26\/04\/25","title":"Oitava da Páscoa","filename":"260425.json"},{"date":"27\/04\/25","title":"Domingo na Oitava da Páscoa","filename":"270425.json"},{"date":"15\/04\/25","filename":"150425.json","title":"Semana Santa"},{"date":"14\/04\/25","filename":"140425.json","title":"Semana Santa"},{"filename":"210425.json","title":"Oitava da Páscoa","date":"21\/04\/25"},{"title":"Domingo da Páscoa na Ressurreição do Senhor","date":"20\/04\/25","filename":"200425.json"},{"filename":"020425.json","date":"02\/04\/25","title":"4ª Semana da Quaresma"},{"date":"03\/04\/25","filename":"030425.json","title":"4ª Semana da Quaresma"},{"title":"5ª Semana da Quaresma","filename":"080425.json","date":"08\/04\/25"},{"filename":"090425.json","title":"5ª Semana da Quaresma","date":"09\/04\/25"},{"date":"25\/04\/25","title":"Oitava da Páscoa","filename":"250425.json"},{"filename":"240425.json","title":"Oitava da Páscoa","date":"24\/04\/25"},{"title":"5ª Semana da Quaresma","filename":"110425.json","date":"11\/04\/25"},{"title":"5ª Semana da Quaresma","filename":"100425.json","date":"10\/04\/25"},{"title":"5º Domingo da Quaresma","date":"06\/04\/25","filename":"060425.json"},{"title":"5ª Semana da Quaresma","filename":"070425.json","date":"07\/04\/25"},{"title":"4ª Semana da Quaresma","date":"01\/04\/25","filename":"010425.json"},{"filename":"220425.json","title":"Oitava da Páscoa","date":"22\/04\/25"},{"filename":"230425.json","date":"23\/04\/25","title":"Oitava da Páscoa"},{"filename":"160425.json","title":"Semana Santa","date":"16\/04\/25"},{"filename":"170425.json","title":"Ceia do Senhor","date":"17\/04\/25"},{"date":"28\/04\/25","filename":"280425.json","title":"2ª Semana da Páscoa"},{"filename":"290425.json","title":"Santa Catarina de Sena, virgem e doutora da Igreja, Memória","date":"29\/04\/25"},{"filename":"201025.json","title":"29ª Semana do Tempo Comum","date":"20\/10\/25"},{"date":"21\/10\/25","filename":"211025.json","title":"29ª Semana do Tempo Comum"},{"filename":"141025.json","title":"28ª Semana do Tempo Comum","date":"14\/10\/25"},{"date":"15\/10\/25","filename":"151025.json","title":"Santa Teresa de Jesus, virgem e doutora da Igreja, Memória"},{"title":"27ª Semana do Tempo Comum","date":"09\/10\/25","filename":"091025.json"},{"date":"08\/10\/25","title":"27ª Semana do Tempo Comum","filename":"081025.json"},{"date":"03\/10\/25","filename":"031025.json","title":"Santos André de Soveral e Ambrósio Francisco Ferro, presbíteros, Mateus Moreira e companheiros, mártires, Memória"},{"date":"02\/10\/25","filename":"021025.json","title":"Santos Anjos da Guarda, Memória"},{"title":"30ª Semana do Tempo Comum","filename":"301025.json","date":"30\/10\/25"},{"filename":"311025.json","title":"30ª Semana do Tempo Comum","date":"31\/10\/25"},{"filename":"041025.json","title":"São Francisco de Assis, religioso, Memória","date":"04\/10\/25"},{"title":"27º Domingo do Tempo Comum","date":"05\/10\/25","filename":"051025.json"},{"title":"30ª Semana do Tempo Comum","filename":"271025.json","date":"27\/10\/25"},{"title":"30º Domingo do Tempo Comum","filename":"261025.json","date":"26\/10\/25"},{"filename":"191025.json","title":"29º Domingo do Tempo Comum","date":"19\/10\/25"},{"filename":"181025.json","title":"São Lucas, Evangelista, Festa","date":"18\/10\/25"},{"title":"28ª Semana do Tempo Comum","date":"13\/10\/25","filename":"131025.json"},{"date":"12\/10\/25","filename":"121025.json","title":"Bem-aventurada Virgem Maria da Conceição Aparecida, Solenidade"},{"title":"Santa Teresa do Menino Jesus, virgem e doutora da Igreja, Memória","date":"01\/10\/25","filename":"011025.json"},{"date":"29\/10\/25","title":"30ª Semana do Tempo Comum","filename":"291025.json"},{"title":"Santos Simão e Judas, Apóstolos, Festa","filename":"281025.json","date":"28\/10\/25"},{"title":"Santo Inácio de Antioquia, bispo e mártir, Memória","date":"17\/10\/25","filename":"171025.json"},{"title":"28ª Semana do Tempo Comum","date":"16\/10\/25","filename":"161025.json"},{"title":"29ª Semana do Tempo Comum","date":"23\/10\/25","filename":"231025.json"},{"date":"22\/10\/25","title":"29ª Semana do Tempo Comum","filename":"221025.json"},{"date":"10\/10\/25","title":"27ª Semana do Tempo Comum","filename":"101025.json"},{"title":"27ª Semana do Tempo Comum","date":"11\/10\/25","filename":"111025.json"},{"date":"24\/10\/25","filename":"241025.json","title":"29ª Semana do Tempo Comum"},{"date":"25\/10\/25","filename":"251025.json","title":"Santo Antônio de Sant'Ana Galvão, religioso, Memória"},{"title":"Bem-aventurada Virgem Maria do Rosário, Memória","filename":"071025.json","date":"07\/10\/25"},{"title":"27ª Semana do Tempo Comum","filename":"061025.json","date":"06\/10\/25"},{"title":"São Francisco Xavier, presbítero, Memória","date":"03\/12\/25","filename":"031225.json"},{"title":"1ª Semana do Advento","date":"02\/12\/25","filename":"021225.json"},{"title":"2ª Semana do Advento","date":"09\/12\/25","filename":"091225.json"},{"filename":"081225.json","title":"Imaculada Conceição da Bem-aventurada Virgem Maria, Solenidade","date":"08\/12\/25"},{"filename":"141225.json","title":"3º Domingo do Advento","date":"14\/12\/25"},{"filename":"151225.json","title":"3ª Semana do Advento","date":"15\/12\/25"},{"date":"20\/12\/25","title":"3ª Semana do Advento","filename":"201225.json"},{"title":"4º Domingo do Advento","date":"21\/12\/25","filename":"211225.json"},{"title":"Santa Luzia, virgem e mártir, Memória","filename":"131225.json","date":"13\/12\/25"},{"date":"12\/12\/25","filename":"121225.json","title":"Bem-aventurada Virgem Maria de Guadalupe, Padroeira principal da América, Festa"},{"filename":"271225.json","title":"São João, Apóstolo e Evangelista, Festa","date":"27\/12\/25"},{"filename":"261225.json","title":"Santo Estêvão, protomártir, Festa","date":"26\/12\/25"},{"date":"19\/12\/25","filename":"191225.json","title":"3ª Semana do Advento"},{"filename":"181225.json","title":"3ª Semana do Advento","date":"18\/12\/25"},{"filename":"041225.json","title":"1ª Semana do Advento","date":"04\/12\/25"},{"filename":"051225.json","date":"05\/12\/25","title":"1ª Semana do Advento"},{"filename":"301225.json","title":"6º Dia na Oitava de Natal","date":"30\/12\/25"},{"title":"7º Dia na Oitava de Natal","filename":"311225.json","date":"31\/12\/25"},{"filename":"231225.json","date":"23\/12\/25","title":"4ª Semana do Advento"},{"title":"4ª Semana do Advento","filename":"221225.json","date":"22\/12\/25"},{"filename":"291225.json","date":"29\/12\/25","title":"5º Dia na Oitava de Natal"},{"date":"28\/12\/25","filename":"281225.json","title":"Sagrada Família de Jesus, Maria e José, Festa"},{"filename":"171225.json","date":"17\/12\/25","title":"3ª Semana do Advento"},{"date":"16\/12\/25","filename":"161225.json","title":"3ª Semana do Advento"},{"title":"1ª Semana do Advento","date":"01\/12\/25","filename":"011225.json"},{"filename":"071225.json","title":"2º Domingo do Advento","date":"07\/12\/25"},{"filename":"061225.json","title":"1ª Semana do Advento","date":"06\/12\/25"},{"title":"4ª Semana do Advento","filename":"241225.json","date":"24\/12\/25"},{"filename":"251225.json","title":"Natal de Nosso Senhor Jesus Cristo, Solenidade","date":"25\/12\/25"},{"title":"2ª Semana do Advento","date":"10\/12\/25","filename":"101225.json"},{"filename":"111225.json","title":"2ª Semana do Advento","date":"11\/12\/25"},{"date":"21\/02\/25","filename":"210225.json","title":"6ª Semana do Tempo Comum"},{"date":"20\/02\/25","filename":"200225.json","title":"6ª Semana do Tempo Comum"},{"title":"5ª Semana do Tempo Comum","date":"15\/02\/25","filename":"150225.json"},{"title":"São Cirilo, monge e São Metódio, bispo, Memória","date":"14\/02\/25","filename":"140225.json"},{"date":"08\/02\/25","title":"4ª Semana do Tempo Comum","filename":"080225.json"},{"title":"5º Domingo do Tempo Comum","filename":"090225.json","date":"09\/02\/25"},{"title":"APRESENTAÇÃO DO SENHOR, Festa","date":"02\/02\/25","filename":"020225.json"},{"date":"03\/02\/25","title":"4ª Semana do Tempo Comum","filename":"030225.json"},{"date":"05\/02\/25","filename":"050225.json","title":"Santa Águeda, virgem e mártir, Memória"},{"date":"04\/02\/25","filename":"040225.json","title":"4ª Semana do Tempo Comum"},{"filename":"260225.json","date":"26\/02\/25","title":"7º Semana do Tempo Comum"},{"title":"7º Semana do Tempo Comum","date":"27\/02\/25","filename":"270225.json"},{"date":"18\/02\/25","filename":"180225.json","title":"6ª Semana do Tempo Comum"},{"filename":"190225.json","title":"6ª Semana do Tempo Comum","date":"19\/02\/25"},{"title":"5ª Semana do Tempo Comum","date":"12\/02\/25","filename":"120225.json"},{"filename":"130225.json","title":"5ª Semana do Tempo Comum","date":"13\/02\/25"},{"title":"3ª Semana do Tempo Comum","filename":"010225.json","date":"01\/02\/25"},{"title":"7º Semana do Tempo Comum","filename":"280225.json","date":"28\/02\/25"},{"filename":"160225.json","title":"6º Domingo do Tempo Comum","date":"16\/02\/25"},{"date":"17\/02\/25","filename":"170225.json","title":"6ª Semana do Tempo Comum"},{"filename":"220225.json","title":"Cátedra de São Pedro, Apóstolo, Festa","date":"22\/02\/25"},{"date":"23\/02\/25","filename":"230225.json","title":"7º Domingo do Tempo Comum"},{"title":"5ª Semana do Tempo Comum","date":"11\/02\/25","filename":"110225.json"},{"filename":"100225.json","date":"10\/02\/25","title":"Santa Escolástica, virgem, Memória"},{"filename":"250225.json","title":"7º Semana do Tempo Comum","date":"25\/02\/25"},{"date":"24\/02\/25","title":"7º Semana do Tempo Comum","filename":"240225.json"},{"filename":"060225.json","title":"São Paulo Miki e companheiros mártires, Memória","date":"06\/02\/25"},{"date":"07\/02\/25","filename":"070225.json","title":"4ª Semana do Tempo Comum"},{"filename":"180625.json","date":"18\/06\/25","title":"11ª Semana do Tempo Comum"},{"title":"Santíssimo Corpo e Sangue de Cristo, Solenidade","filename":"190625.json","date":"19\/06\/25"},{"filename":"260625.json","title":"12ª Semana do Tempo Comum","date":"26\/06\/25"},{"date":"27\/06\/25","filename":"270625.json","title":"Sagrado Coração de Jesus, Solenidade"},{"filename":"120625.json","date":"12\/06\/25","title":"10ª Semana do Tempo Comum"},{"title":"Santo Antônio de Pádua, presbítero e doutor da Igreja, Memória","filename":"130625.json","date":"13\/06\/25"},{"date":"30\/06\/25","filename":"300625.json","title":"13ª Semana do Tempo Comum"},{"title":"São Bonifácio, bispo e mártir, Memória","date":"05\/06\/25","filename":"050625.json"},{"title":"7ª Semana da Páscoa","filename":"040625.json","date":"04\/06\/25"},{"date":"08\/06\/25","filename":"080625.json","title":"Domingo de Pentecostes, Solenidade"},{"title":"Bem-aventurada Virgem Maria, Mãe da Igreja, Memória","filename":"090625.json","date":"09\/06\/25"},{"filename":"020625.json","date":"02\/06\/25","title":"7ª Semana da Páscoa"},{"date":"03\/06\/25","filename":"030625.json","title":"São Carlos Lwanga e companheiros mártires, Memória"},{"filename":"210625.json","date":"21\/06\/25","title":"São Luís Gonzaga, religioso, Memória"},{"date":"20\/06\/25","filename":"200625.json","title":"11ª Semana do Tempo Comum"},{"title":"Santíssima Trindade, Solenidade","date":"15\/06\/25","filename":"150625.json"},{"title":"10ª Semana do Tempo Comum","filename":"140625.json","date":"14\/06\/25"},{"title":"7ª Semana da Páscoa","date":"06\/06\/25","filename":"060625.json"},{"filename":"070625.json","date":"07\/06\/25","title":"7ª Semana da Páscoa"},{"date":"11\/06\/25","filename":"110625.json","title":"São Barnabé, Apóstolo, Memória"},{"filename":"100625.json","date":"10\/06\/25","title":"10ª Semana do Tempo Comum"},{"title":"12ª Semana do Tempo Comum","date":"25\/06\/25","filename":"250625.json"},{"filename":"240625.json","title":"Natividade de São João Batista, Solenidade","date":"24\/06\/25"},{"filename":"160625.json","date":"16\/06\/25","title":"11ª Semana do Tempo Comum"},{"filename":"170625.json","date":"17\/06\/25","title":"11ª Semana do Tempo Comum"},{"filename":"280625.json","title":"Imaculado Coração da Bem-aventurada Virgem Maria, Memória","date":"28\/06\/25"},{"title":"Santos Pedro e Paulo Apóstolos, Solenidade","date":"29\/06\/25","filename":"290625.json"},{"filename":"220625.json","title":"12º Domingo do Tempo Comum","date":"22\/06\/25"},{"filename":"230625.json","title":"12ª Semana do Tempo Comum","date":"23\/06\/25"},{"filename":"010625.json","title":"Ascensão do Senhor, Solenidade","date":"01\/06\/25"},{"filename":"070725.json","date":"07\/07\/25","title":"14ª Semana do Tempo Comum"},{"filename":"060725.json","title":"14º Domingo do Tempo Comum","date":"06\/07\/25"},{"title":"16ª Semana do Tempo Comum","filename":"240725.json","date":"24\/07\/25"},{"title":"São Tiago, Apóstolo, Festa","filename":"250725.json","date":"25\/07\/25"},{"date":"10\/07\/25","title":"14ª Semana do Tempo Comum","filename":"100725.json"},{"title":"São Bento, abade, Memória","filename":"110725.json","date":"11\/07\/25"},{"title":"16ª Semana do Tempo Comum","date":"23\/07\/25","filename":"230725.json"},{"filename":"220725.json","date":"22\/07\/25","title":"Santa Maria Madalena, Festa"},{"filename":"290725.json","title":"Santos Marta, Maria e Lázaro, Memória","date":"29\/07\/25"},{"filename":"280725.json","title":"17ª Semana do Tempo Comum","date":"28\/07\/25"},{"title":"Bem-aventurado Inácio de Azevedo, presbítero, e companheiros, mártires, Memória","date":"17\/07\/25","filename":"170725.json"},{"filename":"160725.json","title":"Bem-aventurada Virgem Maria do Monte Carmelo, Festa","date":"16\/07\/25"},{"date":"01\/07\/25","filename":"010725.json","title":"13ª Semana do Tempo Comum"},{"date":"13\/07\/25","title":"15º Domingo do Tempo Comum","filename":"130725.json"},{"title":"14ª Semana do Tempo Comum","date":"12\/07\/25","filename":"120725.json"},{"date":"27\/07\/25","filename":"270725.json","title":"17º Domingo do Tempo Comum"},{"date":"26\/07\/25","filename":"260725.json","title":"Santos Joaquim e Ana, pais da Bem-aventurada Virgem Maria, Memória"},{"title":"15ª Semana do Tempo Comum","filename":"190725.json","date":"19\/07\/25"},{"title":"15ª Semana do Tempo Comum","date":"18\/07\/25","filename":"180725.json"},{"filename":"040725.json","date":"04\/07\/25","title":"13ª Semana do Tempo Comum"},{"filename":"050725.json","title":"13ª Semana do Tempo Comum","date":"05\/07\/25"},{"date":"30\/07\/25","title":"17ª Semana do Tempo Comum","filename":"300725.json"},{"date":"31\/07\/25","filename":"310725.json","title":"Santo Inácio de Loyola, presbítero, Memória"},{"title":"São Tomé, Apóstolo, Festa","filename":"030725.json","date":"03\/07\/25"},{"date":"02\/07\/25","filename":"020725.json","title":"13ª Semana do Tempo Comum"},{"date":"09\/07\/25","filename":"090725.json","title":"Santa Paulina do Coração Agonizante de Jesus, virgem, Memória"},{"date":"08\/07\/25","title":"14ª Semana do Tempo Comum","filename":"080725.json"},{"title":"15ª Semana do Tempo Comum","date":"14\/07\/25","filename":"140725.json"},{"title":"São Boaventura, bispo e doutor da Igreja, Memória","date":"15\/07\/25","filename":"150725.json"},{"filename":"200725.json","date":"20\/07\/25","title":"16º Domingo do Tempo Comum"},{"filename":"210725.json","title":"16ª Semana do Tempo Comum","date":"21\/07\/25"},{"title":"São João Maria Vianney, presbítero, Memória","date":"04\/08\/25","filename":"040825.json"},{"date":"05\/08\/25","filename":"050825.json","title":"18ª Semana do Tempo Comum"},{"filename":"300825.json","date":"30\/08\/25","title":"21ª Semana do Tempo Comum"},{"filename":"310825.json","date":"31\/08\/25","title":"22º Domingo do Tempo Comum"},{"title":"Santa Dulce Lopes Pontes, virgem, Memória","filename":"130825.json","date":"13\/08\/25"},{"date":"12\/08\/25","filename":"120825.json","title":"19ª Semana do Tempo Comum"},{"date":"19\/08\/25","filename":"190825.json","title":"20ª Semana do Tempo Comum"},{"title":"20ª Semana do Tempo Comum","date":"18\/08\/25","filename":"180825.json"},{"date":"27\/08\/25","filename":"270825.json","title":"Santa Mônica, Memória"},{"title":"21ª Semana do Tempo Comum","date":"26\/08\/25","filename":"260825.json"},{"filename":"140825.json","title":"São Maximiliano Maria Kolbe, presbítero e mártir, Memória","date":"14\/08\/25"},{"date":"15\/08\/25","filename":"150825.json","title":"19ª Semana do Tempo Comum"},{"filename":"200825.json","title":"São Bernardo, abade e doutor da Igreja, Memória","date":"20\/08\/25"},{"filename":"210825.json","date":"21\/08\/25","title":"São Pio X, papa, Memória"},{"filename":"030825.json","title":"18º Domingo do Tempo Comum","date":"03\/08\/25"},{"date":"02\/08\/25","title":"17ª Semana do Tempo Comum","filename":"020825.json"},{"filename":"090825.json","date":"09\/08\/25","title":"18ª Semana do Tempo Comum"},{"filename":"080825.json","title":"São Domingos, presbítero, Memória","date":"08\/08\/25"},{"filename":"240825.json","title":"21º Domingo do Tempo Comum","date":"24\/08\/25"},{"title":"21ª Semana do Tempo Comum","date":"25\/08\/25","filename":"250825.json"},{"title":"19º Domingo do Tempo Comum","filename":"100825.json","date":"10\/08\/25"},{"filename":"110825.json","date":"11\/08\/25","title":"Santa Clara, virgem, Memória"},{"date":"07\/08\/25","filename":"070825.json","title":"18ª Semana do Tempo Comum"},{"title":"Transfiguração do Senhor, Festa","date":"06\/08\/25","filename":"060825.json"},{"date":"01\/08\/25","title":"Santo Afonso Maria de Ligório, bispo e doutor da Igreja, Memória","filename":"010825.json"},{"date":"23\/08\/25","title":"Santa Rosa de Lima, virgem, Padroeira da América Latina, Festa","filename":"230825.json"},{"filename":"220825.json","title":"Bem-aventurada Virgem Maria Rainha, Memória","date":"22\/08\/25"},{"title":"Assunção da Bem-aventurada Virgem Maria, Solenidade","date":"17\/08\/25","filename":"170825.json"},{"date":"16\/08\/25","title":"19ª Semana do Tempo Comum","filename":"160825.json"},{"title":"Martírio de São João Batista, Memória","filename":"290825.json","date":"29\/08\/25"},{"title":"Santo Agostinho, bispo e doutor da Igreja, Memória","filename":"280825.json","date":"28\/08\/25"},{"date":"10\/05\/25","filename":"100525.json","title":"3ª Semana da Páscoa"},{"filename":"110525.json","date":"11\/05\/25","title":"4º Domingo da Páscoa"},{"filename":"240525.json","date":"24\/05\/25","title":"5ª Semana da Páscoa"},{"title":"6º Domingo da Páscoa","date":"25\/05\/25","filename":"250525.json"},{"filename":"070525.json","date":"07\/05\/25","title":"3ª Semana da Páscoa"},{"filename":"060525.json","date":"06\/05\/25","title":"3ª Semana da Páscoa"},{"date":"01\/05\/25","title":"2ª Semana da Páscoa","filename":"010525.json"},{"title":"6ª Semana da Páscoa","date":"29\/05\/25","filename":"290525.json"},{"title":"6ª Semana da Páscoa","date":"28\/05\/25","filename":"280525.json"},{"filename":"170525.json","title":"4ª Semana da Páscoa","date":"17\/05\/25"},{"title":"4ª Semana da Páscoa","date":"16\/05\/25","filename":"160525.json"},{"date":"23\/05\/25","filename":"230525.json","title":"5ª Semana da Páscoa"},{"title":"5ª Semana da Páscoa","filename":"220525.json","date":"22\/05\/25"},{"filename":"300525.json","date":"30\/05\/25","title":"6ª Semana da Páscoa"},{"filename":"310525.json","title":"Visitação da Bem-aventurada Virgem Maria, Festa","date":"31\/05\/25"},{"title":"3º Domingo da Páscoa","date":"04\/05\/25","filename":"040525.json"},{"title":"3ª Semana da Páscoa","date":"05\/05\/25","filename":"050525.json"},{"date":"27\/05\/25","filename":"270525.json","title":"6ª Semana da Páscoa"},{"date":"26\/05\/25","title":"São Filipe Néri, presbítero, Memória","filename":"260525.json"},{"date":"19\/05\/25","title":"5ª Semana da Páscoa","filename":"190525.json"},{"filename":"180525.json","title":"5º Domingo da Páscoa","date":"18\/05\/25"},{"filename":"130525.json","title":"4ª Semana da Páscoa","date":"13\/05\/25"},{"date":"12\/05\/25","filename":"120525.json","title":"4ª Semana da Páscoa"},{"title":"5ª Semana da Páscoa","date":"20\/05\/25","filename":"200525.json"},{"date":"21\/05\/25","filename":"210525.json","title":"5ª Semana da Páscoa"},{"date":"14\/05\/25","filename":"140525.json","title":"São Matias, Apóstolo, Festa"},{"filename":"150525.json","title":"4ª Semana da Páscoa","date":"15\/05\/25"},{"title":"3ª Semana da Páscoa","date":"09\/05\/25","filename":"090525.json"},{"title":"3ª Semana da Páscoa","date":"08\/05\/25","filename":"080525.json"},{"filename":"030525.json","title":"Santos Filipe e Tiago, Apóstolos, Festa","date":"03\/05\/25"},{"filename":"020525.json","title":"Santo Atanásio, bispo e doutor da Igreja, Memória","date":"02\/05\/25"},{"filename":"011125.json","title":"Todos os Santos, Solenidade","date":"01\/11\/25"},{"filename":"221125.json","title":"Santa Cecília, virgem e mártir, Memória","date":"22\/11\/25"},{"filename":"231125.json","title":"Nosso Senhor Jesus Cristo, Rei do Universo, Solenidade","date":"23\/11\/25"},{"date":"16\/11\/25","filename":"161125.json","title":"33º Domingo do Tempo Comum"},{"date":"17\/11\/25","filename":"171125.json","title":"Santa Isabel da Hungria, religiosa, Memória"},{"date":"28\/11\/25","title":"34ª Semana do Tempo Comum","filename":"281125.json"},{"title":"34ª Semana do Tempo Comum","date":"29\/11\/25","filename":"291125.json"},{"title":"34ª Semana do Tempo Comum","filename":"251125.json","date":"25\/11\/25"},{"title":"Santo André Dung-Lac, presbítero, e compa","date":"24\/11\/25","filename":"241125.json"},{"title":"São Martinho de Tours, bispo, Memória","filename":"111125.json","date":"11\/11\/25"},{"filename":"101125.json","title":"São Leão Magno, papa e doutor da Igreja, Memória","date":"10\/11\/25"},{"title":"31ª Semana do Tempo Comum","filename":"061125.json","date":"06\/11\/25"},{"filename":"071125.json","title":"31ª Semana do Tempo Comum","date":"07\/11\/25"},{"filename":"151125.json","date":"15\/11\/25","title":"32ª Semana do Tempo Comum"},{"filename":"141125.json","date":"14\/11\/25","title":"32ª Semana do Tempo Comum"},{"title":"Apresentação da Bem-aventurada Virgem Maria, Memória","date":"21\/11\/25","filename":"211125.json"},{"filename":"201125.json","title":"33ª Semana do Tempo Comum","date":"20\/11\/25"},{"date":"02\/11\/25","filename":"021125.json","title":"Comemoração de Todos os Fiéis Defuntos"},{"date":"03\/11\/25","title":"31ª Semana do Tempo Comum","filename":"031125.json"},{"filename":"081125.json","date":"08\/11\/25","title":"31ª Semana do Tempo Comum"},{"title":"Dedicação da Basílica do Latrão (Catedral de Roma), Festa","filename":"091125.json","date":"09\/11\/25"},{"date":"05\/11\/25","title":"31ª Semana do Tempo Comum","filename":"051125.json"},{"filename":"041125.json","title":"São Carlos Borromeu, bispo, Memória","date":"04\/11\/25"},{"filename":"301125.json","title":"1º Domingo do Advento","date":"30\/11\/25"},{"title":"São Josafá, bispo e mártir, Memória","date":"12\/11\/25","filename":"121125.json"},{"title":"32ª Semana do Tempo Comum","date":"13\/11\/25","filename":"131125.json"},{"date":"18\/11\/25","filename":"181125.json","title":"33ª Semana do Tempo Comum"},{"date":"19\/11\/25","title":"Santos Roque González, Afonso Rodríguez e João de Castillo, presbíteros e mártires, Memória","filename":"191125.json"},{"filename":"261125.json","title":"34ª Semana do Tempo Comum","date":"26\/11\/25"},{"filename":"271125.json","date":"27\/11\/25","title":"34ª Semana do Tempo Comum"},{"date":"17\/01\/25","filename":"170125.json","title":"Santo Antão, abade, Memória"},{"title":"1ª Semana do Tempo Comum","date":"16\/01\/25","filename":"160125.json"},{"date":"29\/01\/25","filename":"290125.json","title":"3ª Semana do Tempo Comum"},{"date":"28\/01\/25","title":"Santo Tomás de Aquino, presbítero e doutor da Igreja, Memória","filename":"280125.json"},{"title":"2ª Semana do Tempo Comum","filename":"230125.json","date":"23\/01\/25"},{"filename":"220125.json","title":"2ª Semana do Tempo Comum","date":"22\/01\/25"},{"date":"01\/01\/25","filename":"010125.json","title":"Santa Maria, Mãe de Deus"},{"filename":"070125.json","title":"Tempo do Natal depois da Epifania","date":"07\/01\/25"},{"title":"Tempo do Natal depois da Epifania","filename":"060125.json","date":"06\/01\/25"},{"title":"Tempo do Natal depois da Epifania","filename":"100125.json","date":"10\/01\/25"},{"filename":"110125.json","date":"11\/01\/25","title":"Tempo do Natal depois da Epifania"},{"date":"24\/01\/25","title":"São Francisco de Sales, bispo e doutor da Igreja, Memória","filename":"240125.json"},{"date":"25\/01\/25","filename":"250125.json","title":"Conversão de São Paulo, Apóstolo, Festa"},{"filename":"090125.json","date":"09\/01\/25","title":"Tempo do Natal depois da Epifania"},{"date":"08\/01\/25","filename":"080125.json","title":"Tempo do Natal depois da Epifania"},{"date":"03\/01\/25","filename":"030125.json","title":"Tempo do Natal antes da Epifania"},{"filename":"020125.json","date":"02\/01\/25","title":"Santos Basílio Magno e Gregório Nazianzeno, bispos e doutores da Igreja, Memória"},{"filename":"200125.json","title":"2º Semana do Tempo Comum","date":"20\/01\/25"},{"title":"Santa Inês, virgem e mártir, Memória","date":"21\/01\/25","filename":"210125.json"},{"filename":"140125.json","title":"1ª Semana do Tempo Comum","date":"14\/01\/25"},{"date":"15\/01\/25","filename":"150125.json","title":"1ª Semana do Tempo Comum"},{"title":"2º Domingo do Tempo Comum","filename":"190125.json","date":"19\/01\/25"},{"date":"18\/01\/25","filename":"180125.json","title":"1ª Semana do Tempo Comum"},{"title":"3º Domingo do Tempo Comum","date":"27\/01\/25","filename":"270125.json"},{"filename":"260125.json","title":"3º Domingo do Tempo Comum","date":"26\/01\/25"},{"filename":"130125.json","title":"1ª Semana do Tempo Comum","date":"13\/01\/25"},{"title":"Batismo do Senhor, Festa","filename":"120125.json","date":"12\/01\/25"},{"title":"3ª Semana do Tempo Comum","date":"30\/01\/25","filename":"300125.json"},{"filename":"310125.json","date":"31\/01\/25","title":"São João Bosco, presbítero, Memória"},{"filename":"040125.json","title":"Tempo do Natal antes da Epifania","date":"04\/01\/25"},{"filename":"050125.json","title":"Epifania do Senhor, Solenidade","date":"05\/01\/25"},{"filename":"010325.json","title":"7º Semana do Tempo Comum","date":"01\/03\/25"},{"filename":"230325.json","date":"23\/03\/25","title":"3º Domingo da Quaresma"},{"date":"22\/03\/25","title":"2ª Semana da Quaresma","filename":"220325.json"},{"date":"17\/03\/25","filename":"170325.json","title":"2ª Semana da Quaresma"},{"date":"16\/03\/25","filename":"160325.json","title":"2º Domingo da Quaresma"},{"filename":"290325.json","date":"29\/03\/25","title":"3ª Semana da Quaresma"},{"title":"3ª Semana da Quaresma","filename":"280325.json","date":"28\/03\/25"},{"date":"24\/03\/25","title":"3ª Semana da Quaresma","filename":"240325.json"},{"title":"Anunciação do Senhor - Solenidade","date":"25\/03\/25","filename":"250325.json"},{"title":"1ª Semana da Quaresma","date":"10\/03\/25","filename":"100325.json"},{"date":"11\/03\/25","filename":"110325.json","title":"1ª Semana da Quaresma"},{"date":"07\/03\/25","filename":"070325.json","title":"Sexta-feira depois das Cinzas"},{"filename":"060325.json","date":"06\/03\/25","title":"Quinta-feira depois das Cinzas"},{"date":"14\/03\/25","title":"1ª Semana da Quaresma","filename":"140325.json"},{"title":"1ª Semana da Quaresma","date":"15\/03\/25","filename":"150325.json"},{"date":"20\/03\/25","filename":"200325.json","title":"2ª Semana da Quaresma"},{"date":"21\/03\/25","filename":"210325.json","title":"2ª Semana da Quaresma"},{"filename":"030325.json","date":"03\/03\/25","title":"8º Semana do Tempo Comum"},{"title":"8º Domingo do Tempo Comum","filename":"020325.json","date":"02\/03\/25"},{"date":"09\/03\/25","filename":"090325.json","title":"1º Domingo da Quaresma"},{"title":"Sábado depois das Cinzas","date":"08\/03\/25","filename":"080325.json"},{"date":"04\/03\/25","filename":"040325.json","title":"8ª Semana do Tempo Comum"},{"title":"Quarta-feira de Cinzas","date":"05\/03\/25","filename":"050325.json"},{"title":"4º Domingo da Quaresma","date":"30\/03\/25","filename":"300325.json"},{"filename":"310325.json","title":"4ª Semana da Quaresma","date":"31\/03\/25"},{"filename":"130325.json","title":"1ª Semana da Quaresma","date":"13\/03\/25"},{"filename":"120325.json","title":"1ª Semana da Quaresma","date":"12\/03\/25"},{"title":"São José, Esposo da Virgem Maria","date":"19\/03\/25","filename":"190325.json"},{"date":"18\/03\/25","title":"2ª Semana da Quaresma","filename":"180325.json"},{"title":"3ª Semana da Quaresma","date":"27\/03\/25","filename":"270325.json"},{"filename":"260325.json","date":"26\/03\/25","title":"3ª Semana da Quaresma"},{"filename":"110925.json","title":"23ª Semana do Tempo Comum","date":"11\/09\/25"},{"date":"10\/09\/25","filename":"100925.json","title":"23ª Semana do Tempo Comum"},{"title":"25ª Semana do Tempo Comum","date":"25\/09\/25","filename":"250925.json"},{"title":"25ª Semana do Tempo Comum","date":"24\/09\/25","filename":"240925.json"},{"filename":"060925.json","date":"06\/09\/25","title":"22ª Semana do Tempo Comum"},{"date":"07\/09\/25","filename":"070925.json","title":"23º Domingo do Tempo Comum"},{"title":"22ª Semana do Tempo Comum","filename":"010925.json","date":"01\/09\/25"},{"title":"26º Domingo do Tempo Comum","filename":"280925.json","date":"28\/09\/25"},{"title":"Santos Miguel, Gabriel e Rafael, Arcanjos, Festa","date":"29\/09\/25","filename":"290925.json"},{"date":"16\/09\/25","title":"Santos Cornélio, papa, e Cipriano, bispo, mártires, Memória","filename":"160925.json"},{"title":"24ª Semana do Tempo Comum","date":"17\/09\/25","filename":"170925.json"},{"date":"22\/09\/25","title":"25ª Semana do Tempo Comum","filename":"220925.json"},{"filename":"230925.json","title":"São Pio de Pietrelcina, presbítero, Memória","date":"23\/09\/25"},{"date":"30\/09\/25","filename":"300925.json","title":"São Jerônimo, presbítero e doutor da Igreja, Memória"},{"filename":"050925.json","date":"05\/09\/25","title":"22ª Semana do Tempo Comum"},{"title":"22ª Semana do Tempo Comum","date":"04\/09\/25","filename":"040925.json"},{"date":"26\/09\/25","title":"25ª Semana do Tempo Comum","filename":"260925.json"},{"date":"27\/09\/25","title":"São Vicente de Paulo, presbítero, Memória","filename":"270925.json"},{"title":"24ª Semana do Tempo Comum","date":"18\/09\/25","filename":"180925.json"},{"filename":"190925.json","title":"24ª Semana do Tempo Comum","date":"19\/09\/25"},{"date":"12\/09\/25","filename":"120925.json","title":"23ª Semana do Tempo Comum"},{"filename":"130925.json","title":"São João Crisóstomo, bispo e doutor da Igreja, Memória","date":"13\/09\/25"},{"date":"21\/09\/25","filename":"210925.json","title":"25º Domingo do Tempo Comum"},{"filename":"200925.json","date":"20\/09\/25","title":"Santos André Kim Tae-gon, presbítero, Paulo Chóng Hasang e companheiros, mártires, Memória"},{"filename":"150925.json","title":"Bem-aventurada Virgem Maria das Dores, Memória","date":"15\/09\/25"},{"filename":"140925.json","title":"Exaltação da Santa Cruz, Festa","date":"14\/09\/25"},{"filename":"080925.json","title":"Natividade da Bem-aventurada Virgem Maria, Festa","date":"08\/09\/25"},{"date":"09\/09\/25","filename":"090925.json","title":"23ª Semana do Tempo Comum"},{"title":"22ª Semana do Tempo Comum","date":"02\/09\/25","filename":"020925.json"},{"filename":"030925.json","date":"03\/09\/25","title":"São Gregório Magno, papa e doutor da Igreja, Memória"},{"date":"05\/01\/26","filename":"050126.json","title":"Tempo do Natal depois da Epifania"},{"date":"04\/01\/26","filename":"040126.json","title":"Epifania do Senhor, Solenidade"},{"title":"São João Bosco, presbítero, Memória","filename":"310126.json","date":"31\/01\/26"},{"filename":"300126.json","date":"30\/01\/26","title":"3ª Semana do Tempo Comum"},{"filename":"120126.json","title":"1ª Semana do Tempo Comum","date":"12\/01\/26"},{"filename":"130126.json","date":"13\/01\/26","title":"1ª Semana do Tempo Comum"},{"title":"2º Domingo do Tempo Comum","filename":"180126.json","date":"18\/01\/26"},{"date":"19\/01\/26","title":"2ª Semana do Tempo Comum","filename":"190126.json"},{"filename":"260126.json","title":"Santos Timóteo e Tito, bispos, Memória","date":"26\/01\/26"},{"title":"3ª Semana do Tempo Comum","date":"27\/01\/26","filename":"270126.json"},{"title":"1ª Semana do Tempo Comum","date":"15\/01\/26","filename":"150126.json"},{"date":"14\/01\/26","title":"1ª Semana do Tempo Comum","filename":"140126.json"},{"title":"Santa Inês, virgem e mártir, Memória","date":"21\/01\/26","filename":"210126.json"},{"date":"20\/01\/26","filename":"200126.json","title":"2ª Semana do Tempo Comum"},{"title":"Santos Basílio Magno e Gregório Nazianzeno, bispos e doutores da Igreja","date":"02\/01\/26","filename":"020126.json"},{"filename":"030126.json","title":"Tempo do Natal antes da Epifania","date":"03\/01\/26"},{"date":"08\/01\/26","filename":"080126.json","title":"Tempo do Natal depois da Epifania"},{"date":"09\/01\/26","filename":"090126.json","title":"Tempo do Natal depois da Epifania"},{"date":"25\/01\/26","title":"3º Domingo do Tempo Comum","filename":"250126.json"},{"title":"São Francisco de Sales, bispo e doutor da Igreja, Memória","filename":"240126.json","date":"24\/01\/26"},{"date":"11\/01\/26","filename":"110126.json","title":"Batismo do Senhor, Festa"},{"title":"Tempo do Natal depois da Epifania","date":"10\/01\/26","filename":"100126.json"},{"title":"Tempo do Natal depois da Epifania","date":"06\/01\/26","filename":"060126.json"},{"title":"Tempo do Natal depois da Epifania","date":"07\/01\/26","filename":"070126.json"},{"title":"Santa Maria, Mãe de Deus, Solenidade","date":"01\/01\/26","filename":"010126.json"},{"filename":"220126.json","date":"22\/01\/26","title":"2ª Semana do Tempo Comum"},{"title":"2ª Semana do Tempo Comum","date":"23\/01\/26","filename":"230126.json"},{"date":"16\/01\/26","title":"1ª Semana do Tempo Comum","filename":"160126.json"},{"filename":"170126.json","title":"Santo Antão, abade, Memória","date":"17\/01\/26"},{"filename":"280126.json","title":"Santo Tomás de Aquino, presbítero e doutor da Igreja, Memória","date":"28\/01\/26"},{"filename":"290126.json","date":"29\/01\/26","title":"3ª Semana do Tempo Comum"}],"sequence_number":15}